-- ╔══════════════════════════════════════════════════════════════════════════════╗
-- ║           نظام الدرجات والتقويم الذكي (SGAS) - v4.0                        ║
-- ║           بيانات تجريبية شاملة (Comprehensive Demo Data)                   ║
-- ║                                                                              ║
-- ║   ⚠️ تنبيه: يعتمد على وجود بيانات أساسية في:                               ║
-- ║   - System 01 (users, buildings)                                             ║
-- ║   - System 02 (academic_years, semesters, academic_months,                  ║
-- ║                grade_levels, classrooms, subjects, grade_subjects)           ║
-- ║   - System 04 (students, student_enrollments, student_attendance)           ║
-- ║   - System 08 (lookup_exam_types, lookup_exam_time_slots, exam_sessions)    ║
-- ╚══════════════════════════════════════════════════════════════════════════════╝

-- ═══════════════════════════════════════════════════════════════════════════════
-- القسم 0: المتطلبات المسبقة (Pre-requisites)
-- ═══════════════════════════════════════════════════════════════════════════════
-- يفترض وجود البيانات التالية (من الأنظمة الأخرى):
--   lookup_exam_types: 1=MONTHLY, 2=MIDTERM, 3=FINAL
--   lookup_exam_venues: 1=CLASSROOM, 2=COMMITTEE
--   lookup_exam_time_slots: 1=الفترة الأولى (8-10)

-- ═══════════════════════════════════════════════════════════════════════════════
-- القسم 1: سياسات الدرجات (grading_policies) — 15 سجل
-- ═══════════════════════════════════════════════════════════════════════════════
-- الأعمدة الجديدة: exam_type_id (بدل ENUM), is_default
-- 1=MONTHLY, 2=MIDTERM, 3=FINAL

INSERT INTO grading_policies (grade_level_id, subject_id, exam_type_id, max_attendance_score, max_homework_score, max_activity_score, max_exam_score, passing_score, academic_year_id, is_default) VALUES
-- الصف الأول ثانوي — المواد الأساسية (MONTHLY - 1)
(10, 5,  1,  5.00,  5.00,  5.00, 20.00, 17.50, 1, TRUE),  -- رياضيات
(10, 3,  1,  5.00,  5.00,  5.00, 20.00, 17.50, 1, TRUE),  -- عربي
(10, 4,  1,  5.00,  5.00,  5.00, 20.00, 17.50, 1, TRUE),  -- إنجليزي
(10, 6,  1,  5.00,  5.00,  5.00, 20.00, 17.50, 1, TRUE),  -- علوم
(10, 2,  1,  5.00,  5.00,  5.00, 20.00, 17.50, 1, TRUE),  -- إسلامية
(10, 1,  1,  5.00,  5.00,  5.00, 20.00, 17.50, 1, TRUE),  -- قرآن
(10, 14, 1,  5.00,  5.00,  5.00, 20.00, 17.50, 1, TRUE),  -- حاسوب
(10, 10, 1,  5.00,  5.00,  5.00, 20.00, 17.50, 1, TRUE),  -- اجتماعيات
(10, 7,  1,  5.00,  5.00,  5.00, 20.00, 17.50, 1, TRUE),  -- فيزياء
-- MIDTERM - 2
(10, 5,  2,  0.00,  0.00,  0.00, 40.00, 20.00, 1, TRUE),  -- رياضيات نصفي
(10, 3,  2,  0.00,  0.00,  0.00, 40.00, 20.00, 1, TRUE),  -- عربي نصفي
-- FINAL - 3
(10, 5,  3,  0.00,  0.00,  0.00, 50.00, 25.00, 1, TRUE),  -- رياضيات نهائي
(10, 3,  3,  0.00,  0.00,  0.00, 50.00, 25.00, 1, TRUE),  -- عربي نهائي
(10, 6,  3,  0.00,  0.00,  0.00, 50.00, 25.00, 1, TRUE),  -- علوم نهائي
(10, 4,  3,  0.00,  0.00,  0.00, 50.00, 25.00, 1, TRUE);  -- إنجليزي نهائي

-- ═══════════════════════════════════════════════════════════════════════════════
-- القسم 2: الفترات الامتحانية (exam_periods) — 6 سجلات
-- ═══════════════════════════════════════════════════════════════════════════════
-- الأعمدة: exam_type_id (بدل ENUM), status_id (بدل is_active بشكل مباشر للتحكم بالحالة)
-- 1=MONTHLY, 3=FINAL
-- status_id: 1=DRAFT, 2=SCHEDULING, 3=SCORING, 5=APPROVED (Assume lookups exist or use defaults)

INSERT INTO exam_periods (academic_year_id, semester_id, name_ar, exam_type_id, start_date, end_date, is_active, status_id, created_by, is_locked) VALUES
(1, 1, 'اختبار شهر محرم',            1,  '2025-07-27', '2025-07-29', TRUE, 3, 1, FALSE), -- SCORING
(1, 1, 'اختبار شهر صفر',             1,  '2025-08-26', '2025-08-28', TRUE, 3, 1, FALSE),
(1, 1, 'اختبار شهر ربيع الأول',      1,  '2025-09-24', '2025-09-26', TRUE, 3, 1, FALSE),
(1, 1, 'اختبار نهاية الفصل الأول',   3,  '2025-10-15', '2025-10-25', TRUE, 3, 1, FALSE),
(1, 2, 'اختبار شهر ربيع الثاني',     1,  '2025-11-25', '2025-11-27', TRUE, 2, 1, FALSE), -- SCHEDULING
(1, 2, 'اختبار نهاية الفصل الثاني',  3,  '2026-03-10', '2026-03-20', TRUE, 1, 1, FALSE); -- DRAFT

-- ═══════════════════════════════════════════════════════════════════════════════
-- القسم 3: جدول الاختبارات (exam_timetable) — بديل exam_schedules
-- ═══════════════════════════════════════════════════════════════════════════════
-- exam_period_id, subject_id, grade_level_id, classroom_id (NULL), exam_date,
-- time_slot_id (1=8:00), venue_type_id (1=CLASS, 2=COMM), max_score, duration_minutes, created_by_user_id

INSERT INTO exam_timetable (exam_period_id, subject_id, grade_level_id, classroom_id, exam_date, time_slot_id, venue_type_id, max_score, duration_minutes, created_by_user_id) VALUES
-- اختبار شهر محرم (فترة 1) -VENUE=1 (CLASSROOM)
(1, 5,  10, NULL, '2025-07-27', 1, 1, 20.00, 60, 2),   -- رياضيات
(1, 3,  10, NULL, '2025-07-27', 2, 1, 20.00, 60, 3),   -- عربي (slot 2)
(1, 4,  10, NULL, '2025-07-28', 1, 1, 20.00, 60, 2),   -- إنجليزي
(1, 6,  10, NULL, '2025-07-28', 2, 1, 20.00, 60, 2),   -- علوم
(1, 2,  10, NULL, '2025-07-29', 1, 1, 20.00, 45, 3),   -- إسلامية
(1, 14, 10, NULL, '2025-07-29', 2, 1, 20.00, 45, 2),   -- حاسوب
-- اختبار شهر صفر (فترة 2)
(2, 5,  10, NULL, '2025-08-26', 1, 1, 20.00, 60, 2),   -- رياضيات
(2, 3,  10, NULL, '2025-08-26', 2, 1, 20.00, 60, 3),   -- عربي
(2, 4,  10, NULL, '2025-08-27', 1, 1, 20.00, 60, 2),   -- إنجليزي
(2, 6,  10, NULL, '2025-08-27', 2, 1, 20.00, 60, 2),   -- علوم
-- اختبار شهر ربيع الأول (فترة 3)
(3, 5,  10, NULL, '2025-09-24', 1, 1, 20.00, 60, 2),   -- رياضيات
(3, 3,  10, NULL, '2025-09-24', 2, 1, 20.00, 60, 3),   -- عربي
(3, 4,  10, NULL, '2025-09-25', 1, 1, 20.00, 60, 2),   -- إنجليزي
(3, 6,  10, NULL, '2025-09-25', 2, 1, 20.00, 60, 2),   -- علوم
-- اختبار نهاية الفصل الأول (فترة 4 — FINAL) - VENUE=2 (COMMITTEE)
(4, 5,  10, NULL, '2025-10-16', 1, 2, 50.00, 120, 2),  -- رياضيات نهائي
(4, 3,  10, NULL, '2025-10-18', 1, 2, 50.00, 120, 3),  -- عربي نهائي
(4, 4,  10, NULL, '2025-10-20', 1, 2, 50.00, 120, 2),  -- إنجليزي نهائي
(4, 6,  10, NULL, '2025-10-22', 1, 2, 50.00, 120, 2);  -- علوم نهائي

-- ═══════════════════════════════════════════════════════════════════════════════
-- القسم 4: درجات الطلاب (student_exam_scores) — 30 سجل
-- ═══════════════════════════════════════════════════════════════════════════════
-- الأعمدة الجديدة: exam_timetable_id (بدل exam_schedule_id)

INSERT INTO student_exam_scores (exam_timetable_id, enrollment_id, score, is_present, absence_type, excuse_details, teacher_notes) VALUES
-- شهر محرم — رياضيات (exam_timetable_id = 1) — 15 طالب
(1, 1,  18.50, TRUE,  NULL,        NULL,                  'ممتاز - أعلى درجة'),
(1, 2,  15.00, TRUE,  NULL,        NULL,                  NULL),
(1, 3,  0.00,  FALSE, 'بعذر',     'مريض — تقرير طبي',    NULL),
(1, 4,  12.00, TRUE,  NULL,        NULL,                  'يحتاج تحسين'),
(1, 5,  19.00, TRUE,  NULL,        NULL,                  'ممتاز'),
(1, 6,  16.50, TRUE,  NULL,        NULL,                  NULL),
(1, 7,  8.00,  TRUE,  NULL,        NULL,                  'ضعيف — يحتاج متابعة'),
(1, 8,  14.00, TRUE,  NULL,        NULL,                  NULL),
(1, 9,  17.00, TRUE,  NULL,        NULL,                  'جيد جداً'),
(1, 10, 11.50, TRUE,  NULL,        NULL,                  NULL),
(1, 11, 20.00, TRUE,  NULL,        NULL,                  'الدرجة الكاملة!'),
(1, 12, 13.00, TRUE,  NULL,        NULL,                  NULL),
(1, 13, 0.00,  FALSE, 'بدون_عذر', NULL,                  'غائب بدون عذر'),
(1, 14, 16.00, TRUE,  NULL,        NULL,                  NULL),
(1, 15, 9.50,  TRUE,  NULL,        NULL,                  'ضعيف'),
-- شهر محرم — عربي (exam_timetable_id = 2) — 15 طالب (كان 2 في القديم)
(2, 1,  17.00, TRUE,  NULL,        NULL,                  NULL),
(2, 2,  18.00, TRUE,  NULL,        NULL,                  'متقدمة في العربي'),
(2, 3,  0.00,  FALSE, 'بعذر',     'مريض — نفس العذر',    NULL),
(2, 4,  14.50, TRUE,  NULL,        NULL,                  NULL),
(2, 5,  16.00, TRUE,  NULL,        NULL,                  NULL),
(2, 6,  19.50, TRUE,  NULL,        NULL,                  'أعلى درجة'),
(2, 7,  10.00, TRUE,  NULL,        NULL,                  NULL),
(2, 8,  15.50, TRUE,  NULL,        NULL,                  NULL),
(2, 9,  12.00, TRUE,  NULL,        NULL,                  NULL),
(2, 10, 13.00, TRUE,  NULL,        NULL,                  NULL),
(2, 11, 17.50, TRUE,  NULL,        NULL,                  NULL),
(2, 12, 11.00, TRUE,  NULL,        NULL,                  NULL),
(2, 13, 0.00,  FALSE, 'بدون_عذر', NULL,                  NULL),
(2, 14, 14.00, TRUE,  NULL,        NULL,                  NULL),
(2, 15, 8.50,  TRUE,  NULL,        NULL,                  NULL)
ON DUPLICATE KEY UPDATE
    score = VALUES(score),
    is_present = VALUES(is_present),
    updated_at = CURRENT_TIMESTAMP;

-- ═══════════════════════════════════════════════════════════════════════════════
-- القسم 5: الواجبات (homeworks) — 12 سجل (كما هي)
-- ═══════════════════════════════════════════════════════════════════════════════
INSERT INTO homeworks (academic_year_id, semester_id, month_id, created_by, classroom_id, subject_id, homework_type_id, due_date, title, content, max_grade) VALUES
-- رياضيات — شهر محرم (month_id = 1)
(1, 1, 1, 2, 1, 5, 1, '2025-07-15', 'حل تمارين الفصل الأول',       'حل التمارين ص 15-20 من الكتاب',           10.0),
(1, 1, 1, 2, 1, 5, 3, '2025-07-20', 'مشروع الهندسة الحسابية',      'إعداد عرض عن تطبيقات الهندسة في الحياة',  20.0),
(1, 1, 1, 2, 1, 5, 1, '2025-07-25', 'ورقة عمل المعادلات',          'حل ورقة العمل المرفقة',                   10.0),
-- عربي — شهر محرم
(1, 1, 1, 3, 1, 3, 1, '2025-07-14', 'تحليل قصيدة المتنبي',         'حفظ وتحليل قصيدة على قدر أهل العزم',     10.0),
(1, 1, 1, 3, 1, 3, 1, '2025-07-22', 'تعبير إبداعي عن الوطن',       'كتابة موضوع تعبير لا يقل عن 300 كلمة',   10.0),
(1, 1, 1, 3, 1, 3, 1, '2025-07-28', 'إعراب وتحليل نحوي',          'إعراب 10 جمل من الدرس الثالث',           10.0),
-- رياضيات — شهر صفر (month_id = 2)
(1, 1, 2, 2, 1, 5, 1, '2025-08-12', 'حل تمارين الفصل الثاني',      'حل التمارين ص 35-45 من الكتاب',           10.0),
(1, 1, 2, 2, 1, 5, 2, '2025-08-20', 'بحث عن النسب المثلثية',       'بحث شامل مع أمثلة تطبيقية',              20.0),
-- عربي — شهر صفر
(1, 1, 2, 3, 1, 3, 2, '2025-08-15', 'كتابة تقرير عن كتاب',         'قراءة كتاب وكتابة ملخص ناقد',            20.0),
(1, 1, 2, 3, 1, 3, 1, '2025-08-25', 'تمارين بلاغية',              'حل تمارين البلاغة في ص 50-55',           10.0),
-- إنجليزي — شهر محرم
(1, 1, 1, 2, 1, 4, 1, '2025-07-18', 'Write a paragraph about Yemen', 'Write 200 words about your country',     10.0),
(1, 1, 1, 2, 1, 4, 1, '2025-07-26', 'Grammar exercises Unit 1',      'Complete all exercises in Unit 1',        10.0);

-- ═══════════════════════════════════════════════════════════════════════════════
-- القسم 6: رصد واجبات الطلاب (student_homeworks) — 25 سجل (كما هي)
-- ═══════════════════════════════════════════════════════════════════════════════
INSERT INTO student_homeworks (homework_id, enrollment_id, is_completed, manual_grade, notes) VALUES
-- واجب 1 (رياضيات)
(1, 1,  TRUE,  9.0,  'حل ممتاز ومرتب'),
(1, 2,  TRUE,  7.0,  NULL),
(1, 3,  FALSE, NULL, 'غائب — مريض'),
(1, 4,  TRUE,  6.0,  'تأخر يومين'),
(1, 5,  TRUE,  NULL, 'حل كامل ونموذجي'),
(1, 6,  TRUE,  8.0,  NULL),
(1, 7,  FALSE, NULL, 'لم يسلّم'),
(1, 8,  TRUE,  7.5,  NULL),
(1, 9,  TRUE,  8.5,  'جيد جداً'),
(1, 10, TRUE,  5.0,  'تأخر 3 أيام'),
(1, 11, TRUE,  NULL, 'ممتاز'),
(1, 12, TRUE,  6.5,  NULL),
(1, 13, FALSE, NULL, NULL),
(1, 14, TRUE,  8.0,  NULL),
(1, 15, FALSE, NULL, 'معفى — ظرف عائلي'),
-- واجب 4 (عربي)
(4, 1,  TRUE,  8.0,  'تحليل جيد'),
(4, 2,  TRUE,  9.5,  'ممتازة في الأدب'),
(4, 5,  TRUE,  7.0,  NULL),
(4, 6,  TRUE,  NULL, 'تحليل عميق ورائع'),
(4, 8,  TRUE,  6.0,  NULL),
(4, 9,  TRUE,  7.5,  NULL),
(4, 11, TRUE,  9.0,  NULL),
(4, 12, FALSE, NULL, 'لم يسلّم'),
(4, 14, TRUE,  7.0,  NULL),
(4, 15, TRUE,  5.0,  'ضعيف — حاجة لمراجعة')
ON DUPLICATE KEY UPDATE is_completed = VALUES(is_completed);

-- ═══════════════════════════════════════════════════════════════════════════════
-- القسم 7: المحصلات الشهرية (monthly_grades) — 20 سجل
-- ═══════════════════════════════════════════════════════════════════════════════
-- إضافة denormalized columns: academic_year_id=1, semester_id=1
INSERT INTO monthly_grades (enrollment_id, subject_id, month_id, academic_year_id, semester_id, attendance_score, homework_score, activity_score, exam_score) VALUES
-- شهر محرم (month_id = 1) — رياضيات (subject_id = 5)
(1,  5, 1, 1, 1, 4.80, 4.75, 4.50, 18.50),
(2,  5, 1, 1, 1, 5.00, 3.50, 4.00, 15.00),
(3,  5, 1, 1, 1, 0.00, 0.00, 0.00, 0.00),
(4,  5, 1, 1, 1, 4.20, 3.00, 3.50, 12.00),
(5,  5, 1, 1, 1, 4.60, 5.00, 5.00, 19.00),
(6,  5, 1, 1, 1, 4.80, 4.00, 4.00, 16.50),
(7,  5, 1, 1, 1, 3.00, 0.00, 2.50, 8.00),
(8,  5, 1, 1, 1, 4.40, 3.75, 3.50, 14.00),
(9,  5, 1, 1, 1, 4.80, 4.25, 4.00, 17.00),
(10, 5, 1, 1, 1, 3.60, 2.50, 3.00, 11.50),
(11, 5, 1, 1, 1, 5.00, 5.00, 5.00, 20.00),
(12, 5, 1, 1, 1, 4.00, 3.25, 3.50, 13.00),
(13, 5, 1, 1, 1, 2.00, 0.00, 1.50, 0.00),
(14, 5, 1, 1, 1, 4.60, 4.00, 4.00, 16.00),
(15, 5, 1, 1, 1, 3.20, 2.50, 2.50, 9.50),
-- شهر محرم (month_id = 1) — عربي (subject_id = 3)
(1,  3, 1, 1, 1, 4.80, 4.00, 4.50, 17.00),
(2,  3, 1, 1, 1, 5.00, 4.75, 4.50, 18.00),
(5,  3, 1, 1, 1, 4.60, 3.50, 4.00, 16.00),
(6,  3, 1, 1, 1, 4.80, 5.00, 5.00, 19.50),
(11, 3, 1, 1, 1, 5.00, 4.50, 4.50, 17.50);

-- ═══════════════════════════════════════════════════════════════════════════════
-- القسم 8: نتائج الفصل الأول (semester_grades) — 18 سجل (كما هي)
-- ═══════════════════════════════════════════════════════════════════════════════
INSERT INTO semester_grades (enrollment_id, subject_id, semester_id, semester_work_total, final_exam_score, grading_status_id) VALUES
(1,  5, 1, 32.55, 42.00, 3),  -- محمد
(2,  5, 1, 27.50, 35.00, 3),  -- مريم
(3,  5, 1, 10.00, 0.00,  3),  -- عمر
(4,  5, 1, 22.70, 28.00, 3),  -- خالد
(5,  5, 1, 33.60, 45.00, 3),  -- سلمان
(6,  5, 1, 29.30, 38.00, 3),  -- نورة
(7,  5, 1, 13.50, 15.00, 3),  -- يوسف
(8,  5, 1, 25.65, 32.00, 3),  -- فاطمة
(9,  5, 1, 30.05, 40.00, 3),  -- أحمد
(10, 5, 1, 20.60, 25.00, 3),  -- ليلى
(11, 5, 1, 35.00, 48.00, 3),  -- عبدالله
(12, 5, 1, 23.75, 30.00, 3),  -- سارة
(13, 5, 1, 3.50,  0.00,  3),  -- ياسر
(14, 5, 1, 28.60, 36.00, 3),  -- هند
(15, 5, 1, 17.70, 20.00, 3),  -- طارق
-- عربي
(1,  3, 1, 30.30, 40.00, 3),
(2,  3, 1, 32.25, 43.00, 3),
(11, 3, 1, 31.50, 44.00, 3);

-- ═══════════════════════════════════════════════════════════════════════════════
-- القسم 9: نتائج العام (annual_grades) — 15 سجل (كما هي)
-- ═══════════════════════════════════════════════════════════════════════════════
INSERT INTO annual_grades (enrollment_id, subject_id, academic_year_id, semester1_total, semester2_total, annual_percentage, final_status_id) VALUES
(1,  5, 1, 74.55, 78.00, 76.28, 1),
(2,  5, 1, 62.50, 65.00, 63.75, 1),
(3,  5, 1, 10.00, 35.00, 22.50, 2),
(4,  5, 1, 50.70, 55.00, 52.85, 1),
(5,  5, 1, 78.60, 80.00, 79.30, 1),
(6,  5, 1, 67.30, 70.00, 68.65, 1),
(7,  5, 1, 28.50, 30.00, 29.25, 2),
(8,  5, 1, 57.65, 60.00, 58.83, 1),
(9,  5, 1, 70.05, 72.00, 71.03, 1),
(10, 5, 1, 45.60, 48.00, 46.80, 2),
(11, 5, 1, 83.00, 85.00, 84.00, 1),
(12, 5, 1, 53.75, 56.00, 54.88, 1),
(13, 5, 1, 3.50,  10.00, 6.75,  4),
(14, 5, 1, 64.60, 68.00, 66.30, 1),
(15, 5, 1, 37.70, 42.00, 39.85, 2);

-- ═══════════════════════════════════════════════════════════════════════════════
-- القسم 10: النتيجة النهائية الشاملة (annual_result) — 15 سجل (كما هي)
-- ═══════════════════════════════════════════════════════════════════════════════
INSERT INTO annual_result (enrollment_id, academic_year_id, total_all_subjects, max_possible_total, percentage, rank_in_class, rank_in_grade, passed_subjects_count, failed_subjects_count, promotion_decision_id, notes) VALUES
(1,  1, 1515.85, 1800.00, 84.21, 1,  1,  9, 0, 1, 'طالب متميز'),
(2,  1, 680.00, 900.00, 75.56, 5,  9,  9, 0, 1, NULL),
(3,  1, 350.00, 900.00, 38.89, 13, 25, 5, 4, 2, 'يعيد السنة'),
(4,  1, 560.00, 900.00, 62.22, 8,  14, 8, 1, 4, 'مكمل'),
(5,  1, 760.00, 900.00, 84.44, 2,  3,  9, 0, 1, 'متفوق'),
(6,  1, 650.00, 900.00, 72.22, 6,  10, 9, 0, 1, NULL),
(7,  1, 380.00, 900.00, 42.22, 12, 23, 4, 5, 2, 'يعيد'),
(8,  1, 600.00, 900.00, 66.67, 7,  12, 9, 0, 1, NULL),
(9,  1, 710.00, 900.00, 78.89, 4,  7,  9, 0, 1, 'جيد جداً'),
(10, 1, 480.00, 900.00, 53.33, 10, 18, 6, 3, 2, 'يعيد'),
(11, 1, 810.00, 900.00, 90.00, 1,  1,  9, 0, 1, 'الأول'),
(12, 1, 530.00, 900.00, 58.89, 9,  16, 7, 2, 4, 'مكمل'),
(13, 1, 180.00, 900.00, 20.00, 15, 30, 2, 7, 2, 'محروم'),
(14, 1, 640.00, 900.00, 71.11, 6,  11, 9, 0, 1, NULL),
(15, 1, 420.00, 900.00, 46.67, 11, 20, 5, 4, 2, 'يعيد');

-- ═══════════════════════════════════════════════════════════════════════════════
-- القسم 11: تحضير الدروس، سجل التدقيق، exam_session_periods
-- ═══════════════════════════════════════════════════════════════════════════════
INSERT INTO lesson_preparation (created_by, subject_id, classroom_id, prep_date, lesson_title, objectives, strategies, aids, is_approved) VALUES
(2, 5, 1, '2025-07-06', 'مقدمة في المعادلات الخطية', 'فهم مفهوم المعادلة', 'حل أمثلة', 'سبورة', FALSE),
(2, 5, 1, '2025-07-07', 'حل المعادلات', 'حل معادلات', 'تمارين', 'اختبار', FALSE),
(3, 3, 1, '2025-07-06', 'النحو: المبتدأ والخبر', 'التمييز بين المبتدأ والخبر', 'شرح', 'إعراب', FALSE);

INSERT INTO student_grade_audit (enrollment_id, subject_id, grade_table, grade_field, old_value, new_value, changed_by_user_id, change_reason) VALUES
(1,  5, 'student_exam_scores', 'score', 17.00, 18.50, 2, 'تصحيح خطأ'),
(4,  5, 'student_exam_scores', 'score', 10.00, 12.00, 2, 'مراجعة');

-- exam_session_periods (تم الحفاظ عليه ولكنه الآن في DDL_SCHEDULING)
-- ولكن DEMO_DATA.sql هنا يركز على System 05.
-- سأقوم بالإدراج لضمان التوافق (بما أن الجدول موجود في DDL_SCHEDULING، يمكن إدراجه هنا إذا تم تنفيذ DDL_SCHEDULING قبله)
-- بما أن DDL_SCHEDULING ينفذ أولاً في RUN_UPDATE_v4.sql، فهذا آمن.
INSERT INTO exam_session_periods (exam_session_id, exam_period_id) VALUES
(1, 4), -- نهاية الفصل الأول
(2, 1), -- شهر محرم
(3, 2), -- شهر صفر
(4, 3); -- شهر ربيع الأول

SELECT '✅ تم إدراج البيانات التجريبية (SGAS v4.0) بنجاح!' AS message;
